{"cameraMode":{"drawMode":0,"name":"Shaded","section":"Shading Mode"},"sceneLighting":false,"audioPlay":false,"sceneViewState":{"m_AlwaysRefresh":false,"showFog":true,"showSkybox":true,"showFlares":true,"showImageEffects":true,"showParticleSystems":true,"showVisualEffectGraphs":true,"m_FxEnabled":true},"in2DMode":false,"pivot":{"x":-6.6237287521362309,"y":5.067516803741455,"z":40.96878433227539},"rotation":{"x":0.011332028545439244,"y":-0.9690730571746826,"z":-0.24334408342838288,"w":-0.047871172428131106},"size":1.862561583518982,"orthographic":false}