{"cameraMode":{"drawMode":0,"name":"Shaded","section":"Shading Mode"},"sceneLighting":false,"audioPlay":false,"sceneViewState":{"m_AlwaysRefresh":false,"showFog":true,"showSkybox":false,"showFlares":true,"showImageEffects":true,"showParticleSystems":true,"showVisualEffectGraphs":true,"m_FxEnabled":true},"in2DMode":false,"pivot":{"x":0.06565230339765549,"y":0.15498113632202149,"z":-0.3613431453704834},"rotation":{"x":-0.0002877028309740126,"y":0.9900388717651367,"z":0.0023743645288050176,"w":0.14174877107143403},"size":0.7141428589820862,"orthographic":false}