{"cameraMode":{"drawMode":0,"name":"Shaded","section":"Shading Mode"},"sceneLighting":false,"audioPlay":false,"sceneViewState":{"m_AlwaysRefresh":false,"showFog":true,"showSkybox":false,"showFlares":true,"showImageEffects":true,"showParticleSystems":true,"showVisualEffectGraphs":true,"m_FxEnabled":true},"in2DMode":false,"pivot":{"x":466.45697021484377,"y":410.51312255859377,"z":122.22718811035156},"rotation":{"x":-0.056678883731365207,"y":-0.006302251946181059,"z":-0.00003969327372033149,"w":0.9986937046051025},"size":184.79339599609376,"orthographic":false}