{"cameraMode":{"drawMode":0,"name":"Shaded","section":"Shading Mode"},"sceneLighting":false,"audioPlay":false,"sceneViewState":{"m_AlwaysRefresh":false,"showFog":true,"showSkybox":false,"showFlares":true,"showImageEffects":true,"showParticleSystems":true,"showVisualEffectGraphs":true,"m_FxEnabled":true},"in2DMode":false,"pivot":{"x":0.41767293214797976,"y":-0.08267796039581299,"z":-0.3896493911743164},"rotation":{"x":0.011884931474924088,"y":0.9839192032814026,"z":-0.16444700956344605,"w":0.07066374272108078},"size":0.45530208945274355,"orthographic":false}