{"cameraMode":{"drawMode":0,"name":"Shaded","section":"Shading Mode"},"sceneLighting":false,"audioPlay":false,"sceneViewState":{"m_AlwaysRefresh":false,"showFog":true,"showSkybox":false,"showFlares":true,"showImageEffects":true,"showParticleSystems":true,"showVisualEffectGraphs":true,"m_FxEnabled":true},"in2DMode":false,"pivot":{"x":948.368408203125,"y":509.4851379394531,"z":-1655.055419921875},"rotation":{"x":0.00032694704714231193,"y":1.000045657157898,"z":-0.021916570141911508,"w":-0.005117064341902733},"size":930.692626953125,"orthographic":false}